{
  "name": [
    "烈士陵園",
    "烈士陵园",
    "烈士陵園-れっしりょうえん",
    "례스링위안",
    "Martyrs' Park"
  ],
  "inf": [
    {
      "platform": 1,
      "facilities": [
        [
          7,
          [
            1
          ],
          "C"
        ],
        [
          15,
          [
            3
          ],
          ""
        ],
        [
          22,
          [
            1,
            2
          ],
          "A<br>D"
        ]
      ]
    },
    {
      "platform": 2,
      "facilities": [
        [
          6,
          [
            1
          ],
          "C"
        ],
        [
          15,
          [
            3
          ],
          ""
        ],
        [
          21,
          [
            2
          ],
          "A<br>D"
        ],
        [
          22,
          [
            1
          ],
          "A<br>D"
        ]
      ]
    }
  ],
  "location": [
    113.285663,
    23.126704
  ],
  "via": [
    "1"
  ],
  "shortDesc": "烈士陵园站是广州地铁的一座车站，因地面建有广州起义烈士陵园而得名；于1999年2月16日启用，车站位于越秀区中山三路较场东路口的地底。\n\n跟广州地铁2006年之前开通的车站一样，在通车初期，此站的英文站名是以拼音“Lie shi ling yuan”表示，现改为Martyrs' Park",
  "structureType": [
    0
  ],
  "platformType": [
    0
  ],
  "hallType": [
    0
  ],
  "exitNum": [
    6
  ],
  "openTime": [
    "1999-2=16_"
  ],
  "serviceTime": "06:09-23:45",
  "firstTrain": [
    [
      [
        0,
        "06:20"
      ],
      [
        1,
        "06:14"
      ]
    ]
  ],
  "lastTrain": [
    [
      [
        0,
        "23:40"
      ],
      [
        1,
        "23:14"
      ]
    ]
  ],
  "structureDesc": [
    [
      "车站楼层",
      "烈士陵园站共设有两层。地面为中山三路、较场东路、东川路、广州起义烈士陵园以及附近建筑；地下一层为站厅；地下二层为1号线月台。"
    ],
    [
      "站厅",
      [
        {
          "data": "为方便行人进出，收费区范围设于站厅中间处。站厅收费区范围设有多组扶手电梯以及楼梯供乘客前往月台层。由于专用电梯（升降机）连接站台与站厅东侧的非付费区，乘客使用时需要向车站工作人员联系并完成检票后才可协助使用。"
        },
        {
          "title": "商店及自助服务",
          "data": "现时，烈士陵园站内提供不同类型的商店供乘客购物或进食，例如便利店、面包糕饼店、凉茶店、洗衣店、鸭脖店以及寿司店等。此外本站也有不少自助服务设施供乘客使用，包括自动售卖机、自动照相机、中国建设银行的自动柜员机、自动售卡/充值机、“好易”自助服务等。"
        }
      ]
    ],
    [
      "月台",
      "烈士陵园站设有一个岛式月台，位于中山三路地底。"
    ]
  ],
  "exitDesc": "烈士陵园站共设置了6个出入口；另外A出入口通道旁连通\"流行前线\"地库，该地库各出入口可前往附近的中华广场地下一层，陵园西路等地。\n\n另外，在B2出入口旁设置了一部连接地面的升降机供使用轮椅人士进出车站。",
  "usageDesc": "烈士陵园站邻近以中华广场、流行前线和地王广场为核心的商业中心区，入住大批量的商铺、以及陵园西路一带的手机电子批发市场；同时车站周边亦有数个住宅楼盘及小区，附近也有多所中、高等院校，广东省人民医院亦邻近本站。因此车站全天出入闸的客流维持在较高水平，是广州地铁的繁忙车站之一。如遇上节假日，车站客流更会进一步上升，有时甚至需要实施客流控制。",
  "history": [
    [
      "规划",
      "烈士陵园站最早出现在1988年的地下铁道路网规划的初步方案中。1993年12月28日，1号线正式开工兴建。1999年2月16日，烈士陵园站随一号线全线通车而启用。"
    ],
    [
      "加装屏蔽门",
      "2005年，地铁公司因考虑月台乘客安全和节省能源，决定为营运中的1号线全线加装月台幕门、半高式安全门，并展开月台风道及管线改造工程。2007年至2008年间，烈士陵园站与其它地下车站陆续改造完成，屏蔽门投入使用。"
    ]
  ],
  "futureExpansion": [
    [
      "12号线",
      "12号线将在东川路中山三路口南侧设烈士陵园站，与1号线交汇并换乘。虽然1号线设计之初并未预留任何换乘结构，但12号线将建设换乘通道，分别连接1号线站厅和站台。同时需要对1号线车站进行改造，以适应换乘需要。"
    ]
  ],
  "platformBelong": [
    [
      "1",
      "1"
    ],
    [
      "2",
      "1"
    ]
  ]
}