{"name":["文化公園","文化公园","文化公園-ぶんかこうえん","원화 공원","Cultural Park"],"inf":[{"platform":1,"facilities":[[3,[1],"A<br>B<br>D<br>E"],[6,[2],""],[12,[1,2,3],"垂直电梯仅站厅，扶梯楼梯仅换乘","Line8-GZ"]]},{"platform":2,"facilities":[[3,[1],"A<br>B<br>D<br>E"],[6,[2],""],[12,[1,2,3],"垂直电梯仅站厅，扶梯楼梯仅换乘","Line8-GZ"]]},{"platform":3,"facilities":[[27,[2],"爬3層 B口"],[21,[3],"B"],[7,[1],"D"],[14,[1],"A<br>E"]]},{}],"location":[113.248976,23.109186],"via":["8"],"platformBelong":[["1","6"],["2","6"],["9","8"],["2","8"]]}