{"name":["沙園","沙园","沙園-さえん","사위안 역","Shayuan"],"inf":[{"platform":1,"facilities":[[4,[3],"",true],[9,[1],"A<br>D"],[16,[1],"新城东<br>万胜围方向","Line-GF,Line8-GZ"],[17,[2],"站厅<br>新城东<br>万胜围方向","Line-GF,Line8-GZ"],[23,[1],"B<br>C<br>新城东<br>万胜围方向","Line-GF,Line8-GZ"]]},{"platform":2,"facilities":[[4,[3],"",true],[14,[1],"A<br>D<br>沥滘<br>文化公园方向","Line-GF,Line8-GZ"],[21,[2],"站厅<br>沥滘<br>文化公园方向","Line-GF,Line8-GZ"],[25,[1],"B<br>C","Line-GF,Line8-GZ"]]},{"platform":3,"facilities":[[1,[3],"",true],[1,[1],"A<br>D"],[9,[1,2],"站厅<br>新城东<br>万胜围方向","Line-GF,Line8-GZ"],[15,[1],"B<br>C<br>新城东<br>万胜围方向","Line-GF,Line8-GZ"]]},{"platform":4,"facilities":[[1,[3],"",true],[8,[1],"A<br>D<br>沥滘<br>文化公园方向","Line-GF,Line8-GZ"],[14,[2],"站厅<br>沥滘<br>文化公园方向","Line-GF,Line8-GZ"],[16,[1],"B<br>C"]]}],"location":[113.260584,23.088625],"via":["8","GF"],"platformBelong":[["1","8"],["2","8"],["1","GF"],["2","GF"]]}