{
  "name": [
    "廣州東站",
    "广州东站",
    "広州東駅-こうしゅうひがしえき",
    "광저우 동역",
    "Guangzhou East Railway Station"
  ],
  "inf": [
    {
      "platform": 1,
      "facilities": [
        [
          7,
          [
            1
          ],
          "C"
        ],
        [
          15,
          [
            3
          ],
          ""
        ],
        [
          22,
          [
            1,
            2
          ],
          "A<br>D"
        ]
      ]
    },
    {
      "platform": 2,
      "facilities": [
        [
          6,
          [
            1
          ],
          "C"
        ],
        [
          15,
          [
            3
          ],
          ""
        ],
        [
          21,
          [
            2
          ],
          "A<br>D"
        ],
        [
          22,
          [
            1
          ],
          "A<br>D"
        ]
      ]
    }
  ],
  "location": [
    113.324851,
    23.150968
  ],
  "via": [
    "1",
    "3"
  ],
  "shortDesc": "广州东站地铁站是广州地铁1号线和3号线的换乘站，以及1号线的终点站。位于天河区国铁广州东站大楼、站房和路轨的地底。地铁车站于1999年2月16日随1号线全线通车启用。",
  "structureType": [
    0,
    0
  ],
  "platformType": [
    0,
    6
  ],
  "hallType": [
    0,
    0
  ],
  "transferType": [
    1,
    1
  ],
  "exitNum": [
    10
  ],
  "openTime": [
    "1999-2=16_",
    "2005-12=26_"
  ],
  "serviceTime": "05:55-23:53",
  "firstTrain": [
    [
      [
        1,
        "06:10"
      ]
    ],
    [
      [
        0,
        "06:03"
      ],
      [
        3,
        "06:00"
      ]
    ]
  ],
  "lastTrain": [
    [
      [
        1,
        "23:30"
      ]
    ],
    [
      [
        0,
        "23:34"
      ],
      [
        3,
        "23:49"
      ]
    ]
  ],
  "structureDesc": [
    [
      "车站楼层",
      "广州东站1号线车站设有2层，3号线车站设有5层，地面为国铁广州东站、广州东站汽车客运站以及广园快速路，地下一层为车站共用南站厅（1号线和3号线）；地下二层为1号线月台和3号线北站厅；地下三层为3号线设备层；地下四层为付费区联络通道；地下五层为3号线月台。"
    ],
    [
      "站厅",
      [
        {
          "data": "广州东站地铁站共设置了2个站厅：1号线站厅与3号线南站厅连为一体，可称为共用站厅，位于广州火车东站大楼地底；一个3号线北站厅，位于广园快速路近东站汽车客运站地底。两个站厅通过付费区联络通道相连，但两个站厅的非付费区并不相连，需要从林和中路或林和西路前往广园快速路（或从广园快速路前往火车东站）的非乘车乘客就需要先进站入闸再出闸出站（交付同站进出车资2元）经过地下四层付费区范围的换乘通道和连接3号线南北站厅通道，或通过附近的免费市政通道（联络东站与天河客运站通道，位于林和西隧道旁侧）前往。\n\n共用站厅付费区位于1号线站厅东西两侧，3号线南站厅南侧；3号线北站厅付费区位于站厅东南侧。各站厅付费区内设有多组扶手电梯、专用电梯（升降机）及楼梯供乘客往返不同线路的月台。\n\n现时为配合车站客流组织的需要，连接1号线站厅和地下四层3号线通道的扶梯为单向运行，仅供3号线抵站乘客前往1号线站厅出站或换乘至1号线，1号线站厅入闸后需乘坐3号线的乘客则要经过1号线站台，再经站台西端的扶梯往下前往地下四层。"
        },
        {
          "title": "换乘方式",
          "data": "虽然1号线建设当初，未有预留与3号线的换乘设施，但在3号线建设期间，在1号线的站厅和站台西端分别建造了通道直接连接地下四层的付费区联络通道，可用于换乘3号线或者前往北站厅。"
        },
        {
          "title": "商店及自助服务",
          "data": "为方便前往广州白云国际机场登机的乘客，本站与3号线北延段沿线各车站一样，共用站厅及北站厅均设有航班查询。\n\n现时本站提供便利店、面包糕饼店以及洗衣店等。其中南北站厅均设置便利店，3家面包糕饼店集中在共用站厅邻近G出入口处；另外，羊城通客户服务中心设于3号线的北站厅处。此外，本站亦提供中国建设银行以及民生银行的自动柜员机、自动售卖机、自动照相机、自动售卡/充值机、“好易”自助服务机等自助服务设施。"
        }
      ]
    ],
    [
      "月台",
      "1号线月台位于天河南一路地底，车站地下二层处。而3号线站台位于体育西路地底，车站地下三层处。其中站台西侧路轨（3号站台）用于番禺广场方向；东侧路轨（4号站台）供天河客运站方向，以及从本站以南贯通往机场北方向的列车使用；中央路轨（5号和6号站台）目前专供于体育西路─机场北交路使用，在列车抵达本站时折返同时始发往机场北方向。从站厅下到3号线站台时需要看清导向指引，如下错站台需上到站厅或者缓冲层再下到另一站台。\n\n由于3号线中央路轨两侧均为车站月台，3号线机场北站开往本站的列车终到停车时亦同时开关两侧车门，因此在列车抵达本站前，会播放广播提示乘客需要前往天河客运站方向、番禺广场方向、换乘1号线以及出站时，需从哪个车门下车。\n\n此外，中央路轨南端设有存车线，两侧主线与中央路轨亦设有交叉渡线（机场北站/天河客运站方向设置）以及一条单渡线（番禺广场方向设置）。主线与支线在本站以北分岔，但前往支线或者从支线抵站的列车均无法直接进入中央路轨。\n\n现时配合3号线实施“Y”型交路，车站站厅及缓冲层均撤去前往5号站台的指示，意图让需要前往机场北方向沿途各站的乘客集中前往东侧岛式站台（4号及6号站台）候车。但西侧岛式站台（3号及5号站台）上依然保留5号站台机场北方向的指示。\n\n因应3号线月台客流过大，为方便站内警务人员观察月台状况，3号线各月台均设有警务人员瞭望台，以方便管理及处理突发情况。"
    ]
  ],
  "exitDesc": "地铁广州东站总共设有11个出入口，其中出口H、J、K出入口位于3号线北站厅。另外，G出口连接东方宝泰购物广场地库，而D及E出口现时为配合广州东站安检和客流疏导需要暂时关闭，不对外使用。\n\n位于广园快速路北侧人行道上预留的K出口亦由于迟迟未能开通，广园快速路以北的乘客需要通过露天市政人行天桥来往车站，引致居住干休所一带居民批评。地铁公司解释出口未能开通乃多方部门协调不通所致。\n\n因应2020年4月1日起实施的《城市轨道交通客运组织与服务管理办法》规定减少重复安检，I出入口在2020年1月10日起取消进站安检设施，同时该口改为只进不出。",
  "usageDesc": "本站连接国铁的广州火车东站，亦邻近广州东站汽车客运站，本站因而成为连接全国各地及广州市区各地的陆路交通枢纽。同时车站附近亦有东方宝泰购物广场等商场，亦邻近改造重建后的林和村和其它住宅区。同时附近的广州火车东站巴士总站以方便乘客利用巴士前往本站转乘地铁前往各地，因此本站是广州地铁最繁忙的车站之一，客流全天都维持在极高的水平。\n\n由于邻近其火车东站及客运车站，不少乘客亦会携带大量行李，令站内相当拥挤。若遇上节假日，或者一年一度的春运以及暑运，本站更会出现大量人潮，必要时车站会实施客流控制措施，以维持车站秩序和安全。",
  "history": [
    [
      "1号线",
      "在1987年的地下铁道路网规划初步方案1中，本站成为当时1号线车站之一，另外此站跟随当年的国铁车站命名为天河火车站，后来在1988年4月1日，当时铁路车站的天河站更名为现名广州东站，地铁车站亦改名跟进。\n\n为配合地铁建设以及发展需要，1992年，市政府以及铁路部门决定扩建广州东站。1996年9月，新站房全面落成，并同时预留1号线的车站结构。新站房启用后，由于站内开始地铁施工，站外的公共汽车站也在进一步完善中，因此在前几年时间里，旅客会觉得东站仍然处于施工的状态。直至1999年2月16日，1号线全线通车并作观光营运，长寿路站至本站11个车站投入服务。\n\n跟广州地铁2006年之前开通的车站一样，在本站启用初期，本站的英文站名以汉语拼音“Guang Zhou Dong Zhan”表示。\n\n另外在早期的方案中，1号线计划未来从本站往西延伸至沙河，因此在工程建设时则在正线西端尽头预留了延伸的条件，但该延长计划一直没有落实。而到了2010年，规划的环线地铁11号线将于广州火车东站设站，往西的下一站即为沙河站，以取代1号线延伸的方案，目前11号线已落实兴建并开工，换言之1号线的延长计划亦随之取消。"
    ],
    [
      "3号线",
      "3号线车站最早出现于2000年规划中，本站成为3号线主线北端的终点站，与1号线交汇；后来于2003年初步方案中，因应机场快线被并入3号线中，北端终点站延至白云机场，本站成为3号线的中途站，并最终落实。\n\n3号线部分在2001年陆续开工建设，在工程期间会扩建本站现有南站厅，以及增设北站厅。2004年10月22日，本站至林和西站区间工程完成。2005年12月26日，本站3号线部分随3号线首通段通车而启用，并作为当时3号线的北端终点站，本站正式成为换乘车站。同时本站南站厅3号线扩建部分以及本站北站厅亦在当天正式启用。"
    ],
    [
      "运营意外",
      "2010年5月7日，林和西至广州东站由于北延段在建燕塘站因暴雨而积水严重，部分设备失灵被迫停运，5月8日该段恢复营运。8月9日8时42分，大塘至天河客运站发生信号故障，导致全线中断行车约14分钟。"
    ]
  ],
  "futureExpansion": [
    [
      "11号线",
      "11号线将于广州火车东站设站，与1号线、3号线交汇并换乘。本站需要再次扩建，成为广州地铁的一个大型枢纽站。但现有两线建设之时并未预留未来换乘11号线，而且11号线车站将设于广园快速路南侧的地底，并与3号线北站厅融合。同时亦会增建换乘通道接入现有车站地下四层。月台将设于地下三层，东端设有一组交叉渡线。"
    ],
    [
      "18号线",
      "18号线亦会于广州火车东站设终点站，与上述地铁线路交汇。根据维基信息，18号线站厅及站台将设于林和中路地底（但目前尚未给出一个广州东站的施工规划设计，目前林和中路开工的工地并非广州东站站体），同时下穿广州东站站房和路轨。车站两端将建设换乘节点分别连接至1号线、11号线的站厅和站台。站台南端设有一组交叉渡线；北端则预留延伸条件，供未来18号线延伸至白云机场。"
    ]
  ],
  "isRailwayStation": true,
  "platformBelong": [
    [
      "9",
      "1"
    ],
    [
      "2",
      "1"
    ],
    [
      "6",
      "3"
    ],
    [
      "2",
      "3"
    ]
  ]
}