{
  "name": [
    "石壁",
    "石壁",
    "石壁-せきへき",
    "스비 역",
    "Shibi"
  ],
  "inf": [
    {
      "platform": 1,
      "facilities": [
        [
          9,
          [
            1
          ],
          "A"
        ],
        [
          10,
          [
            2
          ],
          "A"
        ],
        [
          17,
          [
            3
          ],
          ""
        ],
        [
          22,
          [
            2
          ],
          "B<br>C<br>D",
          "Line7-GZ"
        ],
        [
          23,
          [
            1
          ],
          "B<br>C<br>D",
          "Line7-GZ"
        ]
      ]
    },
    {
      "platform": 2,
      "facilities": [
        [
          9,
          [
            1
          ],
          "A"
        ],
        [
          10,
          [
            2
          ],
          "A"
        ],
        [
          17,
          [
            3
          ],
          ""
        ],
        [
          22,
          [
            2
          ],
          "B<br>C<br>D",
          "Line7-GZ"
        ],
        [
          23,
          [
            1
          ],
          "B<br>C<br>D",
          "Line7-GZ"
        ]
      ]
    },
    {
      "platform": 3,
      "facilities": [
        [
          6,
          [
            1
          ],
          "A<br>B<br>C",
          "Line2-GZ"
        ],
        [
          10,
          [
            2
          ],
          ""
        ],
        [
          14,
          [
            2
          ],
          ""
        ],
        [
          14,
          [
            3
          ],
          ""
        ],
        [
          19,
          [
            1
          ],
          "D"
        ]
      ]
    },
    {
      "platform": 4,
      "facilities": [
        [
          6,
          [
            1
          ],
          "A<br>B<br>C",
          "Line2-GZ"
        ],
        [
          10,
          [
            2
          ],
          ""
        ],
        [
          14,
          [
            2
          ],
          ""
        ],
        [
          13,
          [
            3
          ],
          ""
        ],
        [
          19,
          [
            1
          ],
          "D"
        ]
      ]
    }
  ],
  "location": [
    113.277964,
    22.994136
  ],
  "via": [
    "2",
    "7"
  ],
  "shortDesc": "石壁站是广州地铁2号线和7号线的换乘站，位于番禺区石洲中路，规划广州南站区域地下空间，于2010年9月25日启用。",
  "structureType": [
    0,
    0
  ],
  "platformType": [
    0,
    0
  ],
  "hallType": [
    0,
    0
  ],
  "transferType": [
    2,
    2
  ],
  "exitNum": [
    4
  ],
  "openTime": [
    "2010-9=25_",
    "2016-12=28_"
  ],
  "serviceTime": "05:56-00:28ND",
  "firstTrain": [
    [
      [
        0,
        "06:02"
      ],
      [
        1,
        "6:26"
      ]
    ],
    [
      [
        0,
        "06:01"
      ],
      [
        1,
        "06:25"
      ]
    ]
  ],
  "lastTrain": [
    [
      [
        0,
        "23:31"
      ],
      [
        1,
        "00:23ND"
      ]
    ],
    [
      [
        0,
        "23:31"
      ],
      [
        0,
        "23:38"
      ]
    ]
  ],
  "structureDesc": [
    [
      "车站楼层",
      "石壁站目前共设有两层，地面为石洲中路；地下一层为站厅和换乘通道；地下二层为2号线和7号线月台。"
    ],
    [
      "站厅",
      [
        {
          "data": "石壁站站厅分为2号线站厅以及7号线站厅两个部分，两个站厅部分均设于地下一层。"
        },
        {
          "title": "换乘方式",
          "data": "两线站厅的收费区和非收费区均有连通两个站厅区域，但受7号线车站和2号线车站的设置的影响，收费区2号线站厅东南侧可直接联络至7号线站厅西北侧，以便乘客进行两线换乘；非收费区则设有联络通道来往两个站厅，因此2号线站厅东南侧以及7号线站厅北侧被划分为收费区，四周被行人通道及商店包围，以方便乘客进出。两个站厅的收费区内设有多组专用电梯（升降机）、扶手电梯及楼梯供乘客来往不同线路的月台。"
        },
        {
          "title": "商店及自助服务",
          "data": "车站所有商店均设于两个站厅的非收费区，分别有便利店、面包糕饼店、时装店等；自助服务设施设有自动售卖机、“好易”机以及中国建设银行自动柜员机。"
        },
        {
          "title": "车站艺术设计",
          "data": "车站色系方面，二号线车站部分为深红色，七号线车站部分为天蓝色。\n\n另外，本站作为7号线首期三个文化站之一，在七号线站厅层设有以“痕·迹”为主题的文化艺术墙，除了讲述“石壁”的由来以外，主要内容为岩峭如壁的石岩，和水上往来的船只，演绎了属于石壁特有的水文化。而柱面装饰的内容同样勾勒出石岩和船只。"
        }
      ]
    ],
    [
      "月台",
      "2号线、7号线各自设有一个岛式月台，位于规划广州南站区域地下空间，均位于地下二层。"
    ]
  ],
  "exitDesc": "石壁站在开通初期设有2个出入口，后来7号线车站启用增加B、D两个出入口，目前设有4个出入口。",
  "usageDesc": "从本站开始使用初期，由于车站周围未开发，本站的客流一直处于极低的水平，全天只有几个乘客进出站，大部分时间车站更是无人上下车，令本站显得极为冷清。本站的客流以石壁村周边居民，以及接驳巴士线路番101前往都那村的村民为主。\n\n7号线开通后，由于本站成为2号线和7号线的换乘车站之一，为避开两线终点站广州南站的大客流以及节省来回广州南站的用时，部分乘客会在本站换乘，一改往日车站冷清的状况。\n\n当遇上重要节假日时，广州南站周边道路会出现交通拥堵，有关部门亦鼓励前往广州南站自驾送行的市民在石壁站转乘地铁快速进入广州南站，以缓解南站周边道路交通挤塞的情况。",
  "history": [
    [
      "规划",
      "石壁站最早出现在2000年的地下铁路方案中，当时拆解后的2号线方案南部则改为延长至广州新客站（现广州南站），中途设本站，位置与现时基本一致。在2003年方案中，该走向基本定型；另外当时7号线规划亦设有本站，作为与2号线的换乘站之一。后来7号线一度取消本站，另设石壁东站，以增加地铁车站覆盖面。故此2号线车站在设计和建设时，仅按普通中途站配置设计。\n\n最终2010年规划方案中，7号线取消石壁东站，重新设置本站，作为与2号线的另一个换乘站，以图分流部分2号线和7号线之间的换乘客流，避免为预计客流压力非常巨大的地铁广州南站百上加斤。但此时2号线车站已完工，无法再更改设计预留与7号线的换乘。故此7号线只能设置站厅换乘通道连接2号线站厅。"
    ],
    [
      "2号线",
      "本站2号线于2007年正式动工建设，2007年6月，二/八号延长线工程获得国家发改委批复。2010年9月25日，本站随新2号线、8号线开通运营而正式启用。"
    ],
    [
      "7号线",
      "2012年，7号线首期获得国家发改委批复立项。2013年4月1日，本站7号线动工，2015年1月28日本站7号线主体结构封顶。2016年9月28日，本站随7号线首期三权移交。2016年12月28日，7号线开通，本站成为2号线和7号线的换乘站之一。"
    ]
  ],
  "platformBelong": [
    [
      "1",
      "2"
    ],
    [
      "2",
      "2"
    ],
    [
      "1",
      "7"
    ],
    [
      "2",
      "7"
    ]
  ]
}