{"name":["新和","新和","新和-しんわ","신화","Xinhe"],"inf":[{"platform":1,"facilities":[[4,[1],"A<br>C"],[12,[3],""],[14,[2],""],[20,[2],"B"]]},{"platform":2,"facilities":[[4,[1],"A<br>C"],[12,[3],""],[14,[2],""],[20,[2],"B"]]},{"platform":3,"facilities":[[4,[1],"A<br>C"],[12,[3],""],[14,[2],""],[21,[2],"B"]]},{"platform":4,"facilities":[[4,[1],"A<br>C"],[12,[3],""],[14,[2],""],[21,[2],"B"]]}],"location":[113.46706,23.413259],"via":["14"],"platformBelong":[["1","14"],["3","14"],["2","14"],["9","14"]]}