{
  "name": [
    "會江",
    "会江",
    "会江-かいこう",
    "후이장 역",
    "Huijiang"
  ],
  "inf": [
    {
      "platform": 1,
      "facilities": [
        [
          9,
          [
            1
          ],
          "A"
        ],
        [
          10,
          [
            2
          ],
          "A"
        ],
        [
          16,
          [
            3
          ],
          ""
        ],
        [
          22,
          [
            1
          ],
          "C"
        ],
        [
          21,
          [
            2
          ],
          "C"
        ]
      ]
    },
    {
      "platform": 2,
      "facilities": [
        [
          9,
          [
            1,
            2
          ],
          "A"
        ],
        [
          16,
          [
            3
          ],
          ""
        ],
        [
          22,
          [
            1,
            2
          ],
          "C"
        ]
      ]
    }
  ],
  "location": [
    113.286394,
    23.013047
  ],
  "via": [
    "2"
  ],
  "shortDesc": "会江站是广州地铁二号线上的一个车站，位于石北工业路和规划路十字路口的地底，于2010年9月25日启用。",
  "structureType": [
    0
  ],
  "platformType": [
    0
  ],
  "hallType": [
    0
  ],
  "exitNum": [
    2
  ],
  "openTime": [
    "2010-9=25_"
  ],
  "serviceTime": "06:00-00:25ND",
  "firstTrain": [
    [
      [
        0,
        "06:05"
      ],
      [
        1,
        "06:23"
      ]
    ]
  ],
  "lastTrain": [
    [
      [
        0,
        "23:35"
      ],
      [
        1,
        "00:20ND"
      ]
    ]
  ],
  "structureDesc": [
    [
      "车站楼层",
      "会江站共设有两层，地面为石北工业路、巨大创意产业园等邻近建筑；地下一层为站厅；地下二层为2号线月台。"
    ],
    [
      "站厅",
      [
        {
          "data": "会江站采用无柱站厅设计，使车站站厅更为宽敞。为方便行人进出，收费区目前位于站厅西侧，四周被行人通道及商店包围。收费区内设有多组专用电梯（升降机）、扶手电梯及楼梯供乘客往返月台。"
        },
        {
          "title": "商店及自助服务",
          "data": "商店及自助服务方面，会江站设有面包糕饼店、自动售卖机以及中国建设银行自动柜员机。车站内亦设有“好易”机，可充值羊城通，缴纳水电费以及交通罚款等服务。"
        }
      ]
    ],
    [
      "月台",
      "会江站设有一个岛式月台，位于规划路地底。"
    ]
  ],
  "exitDesc": "会江站设有2个出入口。由于大石西侧城区的居民部分会以自行车以及摩托车代步出行，因此出入口附近会停放许多这些车辆，较为混乱。",
  "usageDesc": "会江站由于距大石以西的居民区较近，因此出入口旁的巴士接驳站供乘客转乘巴士前往大石地区。车站周边为较有规模的工业区，同时附近亦有一些村落，车站较远处有著名的主题公园——广州鳄鱼公园，因此车站的客流繁忙时间集中在早晚以及节假日，在非繁忙时间人流量并不高。",
  "history": [
    [
      "规划",
      "会江站最早出现在2000年的地下铁路方案中，当时拆解后的2号线方案南部则改为延长至广州新客站（现广州南站），中途设本站，位置与现时基本一致。在2003年方案中，该走向基本定型。在规划之初，本站以官坑站的名义出现。\n\n随后本站于2007年正式动工建设，2007年6月，二/八号延长线工程获得国家发改委批复。2008年11月，车站主体工程已经封顶。2010年9月28日，本站随新二号线、八号线开通运营而正式启用。"
    ]
  ],
  "futureExpansion": [
    [
      "佛山地铁4号线",
      "佛山地铁4号线有规划未来二期段延伸进入番禺区，并设有会江站，与广州2号线交汇。惟佛山4号线二期为远期规划，详情现时并未明朗。"
    ]
  ],
  "platformBelong": [
    [
      "1",
      "2"
    ],
    [
      "2",
      "2"
    ]
  ]
}