{
  "name": [
    "花地灣",
    "花地湾",
    "花地湾-かちわん",
    "화디완",
    "Huadiwan"
  ],
  "inf": [
    {
      "platform": 1,
      "facilities": [
        [
          7,
          [
            1
          ],
          "C"
        ],
        [
          15,
          [
            3
          ],
          ""
        ],
        [
          22,
          [
            1,
            2
          ],
          "A<br>D"
        ]
      ]
    },
    {
      "platform": 2,
      "facilities": [
        [
          6,
          [
            1
          ],
          "C"
        ],
        [
          15,
          [
            3
          ],
          ""
        ],
        [
          21,
          [
            2
          ],
          "A<br>D"
        ],
        [
          22,
          [
            1
          ],
          "A<br>D"
        ]
      ]
    }
  ],
  "location": [
    113.23403,
    23.087055
  ],
  "via": [
    "1"
  ],
  "shortDesc": "花地湾站是中国广州地铁一号线的一座车站，位于荔湾区花地大道北喜鹊路口和金鹏路口之间的地底，1997年随地铁一号线首段开通而启用。该站是唯一一个地下站采用半高屏蔽门及南北站厅均有良好摄影视野的广州市境内地铁站，深受各大爱好者的喜欢。",
  "structureType": [
    0
  ],
  "platformType": [
    3
  ],
  "hallType": [
    0
  ],
  "exitNum": [
    4
  ],
  "openTime": [
    "1997-6=28_"
  ],
  "serviceTime": "05:59-00:03ND",
  "firstTrain": [
    [
      [
        0,
        "06:27"
      ],
      [
        1,
        "06:04"
      ]
    ]
  ],
  "lastTrain": [
    [
      [
        0,
        "23:58"
      ],
      [
        1,
        "22:58"
      ]
    ]
  ],
  "structureDesc": [
    [
      "车站楼层",
      "与磨碟沙、琶洲等后期建设的浅层侧式站台车站不同，由于广州首次建设地铁线路，需进行试验性建设确定未来发展方向，本站采用大明挖浅埋车站建设，敞开式和弧形拱顶为本站特色。\n\n花地湾站共有二层，地面为花地大道北，花地花鸟鱼虫市场及其它建筑；地下一层设南北两个站厅；地下二层为1号线月台。"
    ],
    [
      "站厅",
      [
        {
          "data": "花地湾站分为南北两个站厅，由于车站月台采用敞开式设计，因此两个站厅在非付费区并不相通。两个站厅的收费区均设有楼梯供乘客来往月台。而北站厅各自连接2个月台的专用电梯（升降机）由于站台一侧的升降机门均设于月台屏蔽门之外的区域，乘客使用时需请求工作人员协助才可使用。"
        },
        {
          "title": "商店及自助服务",
          "data": "现时本站提供不同类型的商店供乘客购物或进食，例如有便利店、面包糕饼店以及洗衣店等；其中南北站厅均设有面包糕饼店。羊城通客户服务中心亦设于本站南站厅处。此外也有不少自助服务设施，例如南站厅的自动售卖机、北站厅的自动充值/售卡机等。"
        }
      ]
    ],
    [
      "月台",
      "花地湾站设有一组对向式侧式月台，位于花地大道北地底。\n\n本站虽为地下车站，但台风来袭需要停运露天段时，因本站没有设置折返线，1号线列车只能在芳村站折返，所以届时本站亦会被迫停运关闭。\n\n另外，本站是广州地铁地下车站中唯一一个使用半高式屏蔽门的车站。"
    ]
  ],
  "exitDesc": "花地湾站设有四个出入口，分布于南北两个站厅。其中B出入口设有连接车站站厅和地面的升降机，方便轮椅及携带婴儿车人士进出车站。\n\n值得一提的是，本站C、D出入口通道由于需要避让地下铺设的管道，导致通道中间设置有先上再下的几级楼梯。",
  "usageDesc": "花地湾站邻近红棉苑、翠竹苑等住宅小区以及城中村，同时附近的越和花鸟鱼虫世界，是该区主要购物点之一，不少市民会在该市场购买花卉以及宠物等。但由于本站的位置不是芳村的中心地带，因此本站客流稍显一般。\n\n在芳村花鸟鱼虫市场的逐渐衰落之中，本站客流量逐渐减少。",
  "history": [
    [
      "规划",
      "在1988年的地下铁道路网规划中，此站命名为招村站，为当时第一期建设的1号线的中途站，与车站的现时位置一致。1993年12月28日，一号线正式动工。1997年6月28日，包括本站在内的西塱站至黄沙站五站随1号线首通段通车而正式启用。"
    ],
    [
      "加装屏蔽门",
      "2005年，决定为包括本站在内的1号线各站加装屏蔽门或半高安全门。2009年3月2日，本站的半高式安全门正式投入使用。"
    ]
  ],
  "platformBelong": [
    [
      "1",
      "1"
    ],
    [
      "2",
      "1"
    ]
  ]
}