{
  "name": [
    "洛溪",
    "洛溪",
    "洛渓-らくけい",
    "뤄시 역",
    "Luoxi"
  ],
  "inf": [
    {
      "platform": 1,
      "facilities": [
        [
          3,
          [
            3
          ],
          "",
          true
        ],
        [
          6,
          [
            1
          ],
          "C"
        ],
        [
          22,
          [
            2
          ],
          ""
        ],
        [
          26,
          [
            1
          ],
          "A"
        ]
      ]
    },
    {
      "platform": 2,
      "facilities": [
        [
          4,
          [
            3
          ],
          "",
          true
        ],
        [
          6,
          [
            1
          ],
          "C"
        ],
        [
          21,
          [
            2
          ],
          ""
        ],
        [
          26,
          [
            1
          ],
          "A"
        ]
      ]
    }
  ],
  "location": [
    113.298665,
    23.042896
  ],
  "via": [
    "2"
  ],
  "shortDesc": "洛溪站是广州地铁2号线上的一个车站，位于番禺区洛溪岛新浦路洛溪路口北侧的地底，于2010年9月25日启用。",
  "structureType": [
    0
  ],
  "platformType": [
    0
  ],
  "hallType": [
    0
  ],
  "exitNum": [
    2
  ],
  "openTime": [
    "2010-9=25_"
  ],
  "serviceTime": "06:05-00:20ND",
  "firstTrain": [
    [
      [
        0,
        "06:10"
      ],
      [
        1,
        "6:18"
      ]
    ]
  ],
  "lastTrain": [
    [
      [
        0,
        "23:39"
      ],
      [
        1,
        "00:15ND"
      ]
    ]
  ],
  "structureDesc": [
    [
      "车站楼层",
      "因为配合路轨过江深度要求，洛溪站共设有三层。地面为新浦路、洛溪路以及其它建筑；地下一层为站厅；地下二层为车站设备层；地下三层为2号线月台。"
    ],
    [
      "站厅",
      [
        {
          "data": "洛溪站大堂设于地下一层。收费区位于站厅东侧处。收费区内设有三组扶手电梯以及一组楼梯供乘客往返月台。由于专用电梯（升降机）连接站台与站厅南侧的非付费区（近车站警务室），乘客使用时需要向车站工作人员联系并完成检票后才可协助使用。"
        },
        {
          "title": "商店及自助服务",
          "data": "现时本站提供不同类型的商店供乘客购物或进食，例如有便利店、面包糕饼店以及洗衣店等，商店主要设于站厅层非收费区域；此外也有不少自助服务设施，设有自动售卖机、自动充值/售卡机等。"
        }
      ]
    ],
    [
      "月台",
      "洛溪站设有一个岛式月台，位于新浦路地底。"
    ]
  ],
  "exitDesc": "洛溪站现时设有2个出入口。由于A出入口仅设的楼梯较为狭窄，现时在晚高峰时段会有车站工作人员看守以维持秩序。",
  "usageDesc": "本站作为洛溪岛开通的第二个车站，亦因此承担了洛溪新城居民前往广州老城区的客流。附近大部分以住宅区为主，由于洛溪新城人口众多；同时，不少乘客会利用本站转乘巴士来往南浦、上漖村、沙溪村以及南村南大路地区各地。因此车站的平日人流较高，尤其在早晚高峰有不少乘客出入闸于本站。",
  "history": [
    [
      "规划",
      "洛溪站最早出现在2000年的方案中，当时拆解后的2号线方案南部则改为延长至广州新客站（现广州南站），中途亦设置本站，位置与现时基本一致。在2003年方案中，该走向基本定型。\n\n2006年底，为配合本站施工，新浦路吉祥北街至洛溪路段进行全封闭施工，2007年6月，二/八号延长线工程获得国家发改委批复。2010年9月28日，本站随新二号线、八号线开通运营而正式启用。"
    ],
    [
      "施工事故",
      "2009年10月1日，本站工地内发生坍塌事故，地面出现较大幅度沉降"
    ]
  ],
  "platformBelong": [
    [
      "1",
      "2"
    ],
    [
      "2",
      "2"
    ]
  ]
}