{
  "name": [
    "昌崗",
    "昌岗",
    "昌崗-しょうこう",
    "창강 역",
    "Changgang"
  ],
  "inf": [
    {
      "platform": 1,
      "facilities": [
        [
          6,
          [
            1
          ],
          "A<br>F"
        ],
        [
          12,
          [
            2
          ],
          ""
        ],
        [
          20,
          [
            3
          ],
          "",
          [
            20,
            [
              1
            ],
            "高峰期拦挡 BCDE"
          ],
          [
            27,
            [
              2
            ],
            "",
            "Line8-GZ"
          ]
        ]
      ]
    },
    {
      "platform": 2,
      "facilities": [
        [
          6,
          [
            1
          ],
          "A<br>F"
        ],
        [
          12,
          [
            2
          ],
          ""
        ],
        [
          20,
          [
            3
          ],
          "",
          [
            20,
            [
              1
            ],
            "高峰期拦挡 BCDE"
          ],
          [
            29,
            [
              2
            ],
            "",
            "Line8-GZ"
          ]
        ]
      ]
    },
    {
      "platform": 3,
      "facilities": [
        [
          6,
          [
            1
          ],
          "D<br>E"
        ],
        [
          15,
          [
            2,
            3
          ],
          ""
        ],
        [
          19,
          [
            2,
            3
          ],
          ""
        ],
        [
          21,
          [
            1
          ],
          "A<br>B<br>C<br>F"
        ],
        [
          28,
          [
            2
          ],
          "",
          "Line2-GZ"
        ]
      ]
    },
    {
      "platform": 4,
      "facilities": [
        [
          6,
          [
            1
          ],
          "D<br>E"
        ],
        [
          15,
          [
            2,
            3
          ],
          ""
        ],
        [
          17,
          [
            3
          ],
          ""
        ],
        [
          19,
          [
            2
          ],
          ""
        ],
        [
          20,
          [
            1
          ],
          "A<br>B<br>C<br>F"
        ],
        [
          27,
          [
            2
          ],
          "",
          "Line2-GZ"
        ]
      ]
    }
  ],
  "location": [
    113.276885,
    23.090654
  ],
  "via": [
    "2",
    "8"
  ],
  "shortDesc": "昌岗站是广州地铁2号线和8号线的换乘站，位于广州市江南大道南昌岗路口的地底。车站以天蓝色作为主色，于2010年9月25日启用。\n\n另外，8号线本站至晓港站相距只有673米，曾经是广州地铁线网相距最近的两个车站，车程仅需1分余钟，后来被6号线海珠广场至北京路的631米站距取代。",
  "structureType": [
    0,
    0
  ],
  "platformType": [
    0,
    0
  ],
  "hallType": [
    0,
    0
  ],
  "transferType": [
    1,
    1
  ],
  "exitNum": [
    6
  ],
  "openTime": [
    "2010-9=25_",
    "2018-12=28_"
  ],
  "serviceTime": "06:07-00:12ND",
  "firstTrain": [
    [
      [
        0,
        "06:12"
      ],
      [
        1,
        "06:24"
      ]
    ],
    [
      [
        0,
        "06:13"
      ],
      [
        1,
        "06:20"
      ]
    ]
  ],
  "lastTrain": [
    [
      [
        0,
        "23:49"
      ],
      [
        1,
        "00:06ND"
      ]
    ],
    [
      [
        0,
        "23:13"
      ],
      [
        1,
        "23:36"
      ]
    ]
  ],
  "structureDesc": [
    [
      "车站楼层",
      "昌岗站共设有四层，地面为江南大道、昌岗路，达镖广场、珀丽酒店、广州医科大学第二附属医院以及其它建筑，地下一层为昌岗路市政工程预留空间；地下二层为车站站厅；地下三层为8号线月台；地下四层为2号线月台。"
    ],
    [
      "站厅",
      [
        {
          "data": "昌岗站站厅呈顺时针旋转180°的“L”形布置，南北向部分为2号线；东西向部分为8号线。受到地下一层预留空间的影响，站厅层8号线部分的天花板高度相较2号线部分的要低矮。\n\n为方便乘客进出，付费区设于2号线站厅西侧以及8号线站厅南侧，站厅付费区内设有多组专用电梯（升降机）、扶手电梯以及楼梯供乘客来往不同线路的月台。\n\n站厅付费区现时常态化设置多组固定栏杆，令付费区分为两条一长一短，互不干扰的通道，以维持站厅付费区内的客流秩序。"
        },
        {
          "title": "换乘方式",
          "data": "换乘方面，本站地下三、四层之间设有楼梯连接8号线月台东端及2号线月台北端，供乘客在两线之间换乘；另外亦可乘搭扶梯绕经站厅换乘。"
        },
        {
          "title": "商店及自助服务",
          "data": "另外，昌岗站现时提供不同类型的商店，包括7-11以及华润万家便利店、面包糕饼店、书店、凉茶店、糖果店以及洗衣店等。商店主要设在站厅非收费区。同时本站还设有自动售卖机、自动照相机、中国建设银行自动柜员机、“好易”自助服务机等等自助服务设施供乘客使用。"
        }
      ]
    ],
    [
      "月台",
      "本站2号线月台设于江南大道南地底，8号线月台则设于昌岗路地底。皆为岛式月台。两线月台组成一个“L”字型。8号线月台在上层，2号线月台在下层。\n\n另外，本站至晓港站之间设有一条渡线。当8号线的西段出现故障时，文化公园方向的列车将会通过此渡线折返，以本站为临时总站。但在2010年9月25日至11月2日期间，本站虽作为8号线的总站，但由于需要保证8号线的班次，故列车并没有在该站折返，而是在3号月台清客后继续前往凤凰新村站折返，并在到达本站4号月台后开始上客。"
    ]
  ],
  "exitDesc": "昌岗站现时共设有6个出入口供乘客进出车站。其中E出入口通道连通附近的海珠合生生活天地商场。\n\n另外，B、C1和C2出入口之间有通道连接，起过街通道的作用，供市民无须经过车站站厅横过昌岗东路或江南大道南。\n\nC1出入口因配合广州美术学院附近施工需要在2014年12月16日起暂时封闭。F出入口则在2017年3月8日启用。",
  "usageDesc": "作为串联各线以及广州火车站、广州南站的二号线与八号线换乘站，以及来往珠江两岸老城区，即原来需使用旧二号线的客流在拆解后，大多即时需要在本站进行换乘，同时本站亦临近住宅区、商业点，且上盖有广州美院、省口腔医院、广医二院、老年大学，因而昌岗站一启用即成为广州地铁的重要枢纽站之一。首日早高峰更创下22万人次的客流记录，当日晚高峰时客流依然拥挤，乘客平均需要两三分钟才能完成换乘。使地铁公司不得不实施客流控制措施，工作人员亦用铁栏杆围成闸门进行分流，以减少客流冲突，提高换乘速度。\n\n现时本站已经成为广州地铁在海珠区西部的重要换乘枢纽，车站全天人流如织，早晚高峰客流更会达至极大水平，2号线月台甚至会在部分扶梯口和换乘楼梯口出现拥堵。\n\n自2014年5月12日起，本站实行常态化客流控制，实施时间为周一早上8点至9点，周五下午6点至7点（包括节假日前一天）。",
  "history": [
    [
      "规划",
      "1997年出现的《广州市城市快速轨道交通线网规划研究（最终报告）》，已经确定拆分1987年方案中的2号线，本站随即作为拆解后两线的换乘站出现。后来由于决定先新建二号线的三元里至江南西段，以及八号线的琶洲至晓港段，并贯通为旧二号线，故本站并未跟随此两段同时建设。本站在规划及建设阶段被称为跃进村站，后根据车站所在的位置，即昌岗路，正式命名为昌岗站。2010年9月25日新2号线和8号线通车，本站作为两线的换乘站启用。"
    ],
    [
      "沙园冷却塔",
      "位于八号线沙园站附近的广州地铁沙园冷站（负责凤凰新村—昌岗一段的供冷），由于在试运行期间噪音太大，且冷却塔离光大花园最近只有10多米，因此在建造过程中遭到了冷站附近的光大花园业主的反对，业主经常在大楼阳台、外墙挂上标语表达对冷却塔的抗议，期间警方曾多次出动。由于当时协商未果，导致八号线凤凰新村站、沙园站及宝岗大道站三站在2010年9月25日新二号线和八号线开通时无法如期开通，而本站则临时就近借用附近商场的空调冷水开通运营。当时西行列车到达本站随即进行清客，然后列车不载客经宝岗大道及沙园站到凤凰新村站折返。后来地铁公司与光大花园业主谈判后取得进展，最终让宝岗大道、沙园、凤凰新村站在2010年11月3日对公众开放。\n\n由于借用之空调冷水亦需供应至凤凰新村沿途三站，保证其必要设备能够正常运转，故本站能使用之空调冷水极为有限。导致本站刚开通运营的一个多月内，站内冷气与其它车站相比明显不足，而且当时广州仍为夏季，故本站站内较为闷热。在解决了纠纷，沙园冷却塔投入使用后，本站闷热情况随即得到改善。"
    ],
    [
      "扶手电梯故障",
      "2016年11月28日下午4时许，本站一条连通2号线月台与站厅的扶手电梯在上行过程中，有梯级出现变形下陷。原因是该扶手电梯的梯级与梳齿板间隙之间因为卡住了一个不属于扶梯零部件的螺丝而引发意外，过程中无乘客受伤。经过维修人员维修和全面检查确认安全后，事发第二天后该扶手电梯已经恢复运作。"
    ]
  ],
  "platformBelong": [
    [
      "1",
      "2"
    ],
    [
      "2",
      "2"
    ],
    [
      "1",
      "8"
    ],
    [
      "2",
      "8"
    ]
  ]
}