{
  "name": [
    "市二宮",
    "市二宫",
    "市二宮-しにきゅう",
    "스얼궁 역",
    "The 2nd Workers' Cultural Palace"
  ],
  "inf": [
    {
      "platform": 1,
      "facilities": [
        [
          6,
          [
            1
          ],
          "A<br>E"
        ],
        [
          11,
          [
            2,
            4
          ],
          ""
        ],
        [
          20,
          [
            2
          ],
          ""
        ],
        [
          25,
          [
            1
          ],
          "D"
        ]
      ]
    },
    {
      "platform": 2,
      "facilities": [
        [
          6,
          [
            1
          ],
          "A<br>E"
        ],
        [
          11,
          [
            2,
            4
          ],
          ""
        ],
        [
          20,
          [
            2
          ],
          ""
        ],
        [
          25,
          [
            1
          ],
          "D"
        ]
      ]
    }
  ],
  "location": [
    113.26989,
    23.105996
  ],
  "via": [
    "2"
  ],
  "shortDesc": "市二宫站是广州地铁二号线的一座车站，位于海珠区江南大道北同福东路口的地底。因西面建有广州市第二工人文化宫（简称市二宫）而得名，于2002年12月29日启用。\n\n跟广州地铁2006年之前开通的车站一样，在通车初期，本站的英文站名是以拼音“Shi Er Gong”表示，现已更改为The 2nd Workers' Cultural Palace Station",
  "structureType": [
    0
  ],
  "platformType": [
    0
  ],
  "hallType": [
    0
  ],
  "exitNum": [
    3
  ],
  "openTime": [
    "2002-12=29_"
  ],
  "serviceTime": "06:11-00:07ND",
  "firstTrain": [
    [
      [
        0,
        "06:16"
      ],
      [
        1,
        "06:21"
      ]
    ]
  ],
  "lastTrain": [
    [
      [
        0,
        "23:53"
      ],
      [
        1,
        "00:02ND"
      ]
    ]
  ],
  "structureDesc": [
    [
      "车站楼层",
      "市二宫站共设有两层。地面为江南大道北、同福东路、小港路及附近商业建筑；地下一层为站厅层；地下二层为2号线站台层。"
    ],
    [
      "站厅",
      [
        {
          "data": "市二宫站采用无柱站厅设计，使车站站厅显得更为宽敞。为方便乘客进出，付费区设于站厅西侧，周围被行人通道包围。部分车站商店设于站厅付费区内。付费区站厅各分别设有两条楼梯以及扶手电梯供乘客来往站厅与月台，值得留意的是，两组扶手电梯目前仅供月台层的乘客前往站厅。同时由于车站设计的原因，本站没有设置专用电梯（升降机）供乘客来往站厅与月台，同时在本站站厅南侧的楼梯设置了轮椅升降台，供使用轮椅的残障人士来往站厅与月台，使用时需向车站工作人员求助。"
        },
        {
          "title": "商店及自助服务",
          "data": "市二宫站内设有便利店、面包糕饼店、书店、时装店以及洗衣店等。同时站内亦设有自动售卖机、自动照相机、中国建设银行自动柜员机等自助服务。"
        }
      ]
    ],
    [
      "月台",
      "市二宫站设有一个岛式月台，位于江南大道北地底。\n\n另外，本站站台北端设有一条楼梯，该楼梯则作为车站的紧急出入口，因此不对外开放。"
    ]
  ],
  "exitDesc": "市二宫站现时共设有3个出入口，其中D出入口在2010年5月至11月期间进行了加装扶梯工程，因此在施工过程中本站D出入口暂时封闭，重开后成为本站唯一一个设有扶梯的独立出入口。",
  "usageDesc": "市二宫站所在的江南大道北，是著名的婚纱一条街，在道路两旁开设了多间婚纱及婚庆用品专门店，吸引不少乘客利用本站前往。因此，本站的各个出入口均有明文提示，强调禁止携带花炮等易燃易爆物品进站乘车。\n\n同时车站也邻近居民区和学校，为本站带来不少通勤客流。",
  "history": [
    [
      "规划",
      "在1988年的“十字线网”规划中，已经出现名为市二宫的车站。当时该站为2号线的一座车站，位置已与现时相若。后来在1997年的《广州市城市快速轨道交通线网规划研究（最终报告）》，本站被确定为2号线的一座车站，并列入2号线首通段工程中。\n\n于2008年的轨道交通线网规划方案中，新增的北海珠线经过本站，本站成为换乘站。后来该线成为19号线，再于2019年改为28号线，仍于本站交汇。"
    ],
    [
      "施工事故",
      "2号线首期工程则于1999年10月10日正式动工。2001年2月14日，本站北风亭人工挖孔桩施工过程中，由于水管渗漏，导致孔壁倒塌。一名施工人员当场被埋，送院后证实不治。而在2002年12月29日，本站随2号线首通段（三元里至晓港）通车而启用。"
    ]
  ],
  "platformBelong": [
    [
      "1",
      "2"
    ],
    [
      "2",
      "2"
    ]
  ]
}