{
  "name": [
    "芳村",
    "芳村",
    "芳村-ほうそん",
    "팡춘",
    "Fangcun"
  ],
  "inf": [
    {
      "platform": 1,
      "facilities": [
        [
          7,
          [
            1
          ],
          "C"
        ],
        [
          15,
          [
            3
          ],
          ""
        ],
        [
          22,
          [
            1,
            2
          ],
          "A<br>D"
        ]
      ]
    },
    {
      "platform": 2,
      "facilities": [
        [
          6,
          [
            1
          ],
          "C"
        ],
        [
          15,
          [
            3
          ],
          ""
        ],
        [
          21,
          [
            2
          ],
          "A<br>D"
        ],
        [
          22,
          [
            1
          ],
          "A<br>D"
        ]
      ]
    }
  ],
  "location": [
    113.235703,
    23.098592
  ],
  "via": [
    "1"
  ],
  "shortDesc": "芳村站是广州地铁一号线上的一座车站，位于荔湾区花地大道芳村大道路口的地底，1997年6月28日随地铁一号线开通而启用。\n\n本站连地下商业街及下方的折返线共全长689米，落成时号称亚洲最长的地下车站。",
  "structureType": [
    0
  ],
  "platformType": [
    0
  ],
  "hallType": [
    0
  ],
  "exitNum": [
    6
  ],
  "openTime": [
    "1997-6=28_"
  ],
  "serviceTime": "06:01-00:00ND",
  "firstTrain": [
    [
      [
        0,
        "06:25"
      ],
      [
        1,
        "06:06"
      ]
    ]
  ],
  "lastTrain": [
    [
      [
        0,
        "23:55"
      ],
      [
        1,
        "23:00"
      ]
    ]
  ],
  "structureDesc": [
    [
      "车站楼层",
      "芳村站目前共设有二层，地面为花地大道北，芳村大道中及其它建筑；地下一层为站厅层；地下二层为1号线月台。"
    ],
    [
      "站厅",
      [
        {
          "data": "为方便行人进出，收费区设于车站中部区域，四周被行人通道以及车站商店包围，部分车站商店会设置在收费区域。站厅收费区内设有扶手电梯以及楼梯前往月台。由于专用电梯（升降机）连接站台与站厅南侧的非付费区，乘客使用时需要向车站工作人员联系并完成检票后才可协助使用。"
        },
        {
          "title": "商店及自助服务",
          "data": "现时芳村站内提供不同类型的商店，例如便利店、面包糕饼店、咖啡店以及洗衣店等。此外也有不少自助服务设施供乘客使用，包括自动售卖机、自动照相机、自助充值/售卡机、中国建设银行自动柜员机等。"
        }
      ]
    ],
    [
      "月台",
      "1号线设有一个岛式月台，位于花地大道地底。\n\n另外，本站1号线站台南侧之间设有一组双存车线。当1号线的南段出现故障或是台风来袭需要停运露天段时，往西塱站的列车将会通过此存车线折返，以本站为临时总站。"
    ]
  ],
  "exitDesc": "芳村站共设有6个出入口；另外，本站南站厅处连通万象地下商业街，商业街同时设有多个出入口，方便市民前往花蕾路、红棉苑、花地城等地。\n\nA2出入口在2010年进行了加装扶梯以及出入口的改造工程，因此改造期间出入口暂时封闭。",
  "usageDesc": "由于本站位于芳村中心地带，车站周边大部分地区为密集的住宅区以及城中村区域，亦邻近著名的芳村风情酒吧街；且有不少交通工具接驳区内的住宅及工业区，因此使用量相当高，尤是在平日繁忙时间、周六、周日及公众假期期间。因此，使用该站出入闸的人流十分高。\n\n为了保证公园前站不会累积过多乘客形成安全隐患，在工作日早高峰期间，本站将会实施客流控制措施，部分入闸机会关闭以限制人流，维持运营秩序。\n\n在农历新年假期及黄大仙诞期间，由于车站距离黄大仙祠较近，很多人会使用该站前往黄大仙祠上香，因此该时段车站会相当拥挤。",
  "history": [
    [
      "规划",
      "在1988年的地下铁道路网规划中，此站命名为芳村花地站，为当时第一期建设的1号线的中途站，与车站的现时位置一致。1993年12月28日，一号线正式动工。1997年6月28日，包括本站在内的西塱站至黄沙站五站随1号线首通段通车而正式启用。"
    ],
    [
      "加装屏蔽门",
      "2005年，地铁公司决定为包括本站在内的1号线各站加装屏蔽门或半高安全门。2008年12月，本站的屏蔽门正式投入使用，同时本站是1号线地下站最后一个安装屏蔽门的车站。"
    ]
  ],
  "futureExpansion": [
    [
      "11号线及28号线",
      "11号线及28号线均设有芳村站，与1号线交汇，令本站成为广州地铁的一个大型枢纽站。但1号线建设之时并没有任何预留，两线未来与1号线换乘时均只能使用通道换乘。\n\n11号线芳村站将设于芳村大道花地大道口东侧的地下，站台位于地下三层；车站同时预留与28号线的换乘节点，以及地下四层28号线车站的部分结构。\n\n为配合十一号线车站施工，2019年3月16日凌晨起芳村大道中的花地大道北至明心路段实施第二期施工围蔽，围蔽区域内将进行管线迁改及车站主体结构施工，部分巴士线路亦需要改道行驶，计划于2021年3月底前完成该区域施工。"
    ],
    [
      "22号线（白鹅潭站）",
      "22号线将在现有1号线芳村站西侧设白鹅潭站，同时也连接广佛江珠城际的芳村站，并实现1号线、11号线、22号线、28号线和广佛江珠城际线的换乘。"
    ]
  ],
  "platformBelong": [
    [
      "1",
      "1"
    ],
    [
      "2",
      "1"
    ]
  ]
}