{"name":["廣州火車站","广州火车站","広州駅-こうしゅうえき","광저우 역","Guangzhou Railway Station"],"inf":[{"platform":1,"facilities":[[7,[1],"A"],[14,[2],""],[17,[2],""],[15,[3],""],[24,[1],"D<br>E<br>F<br>G<br>H"]]},{"platform":2,"facilities":[[7,[1],"A"],[14,[2],""],[17,[2],""],[14,[3],""],[24,[1],"D<br>E<br>F<br>G<br>H"]]},{"platform":3,"facilities":[[7,[1],"C"],[15,[3],""],[22,[1,2],"A<br>D"]]},{"platform":4,"facilities":[[6,[1],"C"],[15,[3],""],[21,[2],"A<br>D"],[22,[1],"A<br>D"]]}],"location":[113.256603,23.148143],"via":["2","5"],"platformBelong":[["1","2"],["2","2"],["1","5"],["2","5"]]}