{"name":["白雲公園","白云公园","白雲公園-はくうんこうえん","바이윈 공원 역","Baiyun Park"],"inf":[{"platform":1,"facilities":[[5,[1],"过轨抵A<br>D 地面换出入口更佳"],[26,[2],"过轨抵A<br>D 地面换出入口更佳"],[15,[0],"C"],[14,[1],"B"]]},{"platform":2,"facilities":[[5,[1],"过轨抵B<br>C 地面换出入口更佳"],[26,[2],"过轨抵B<br>C 地面换出入口更佳"],[16,[0],"A"],[17,[1],"D"]]}],"location":[113.270966,23.181613],"via":["2"],"platformBelong":[["1","2"],["2","2"]]}