{"name":["嘉禾望崗","嘉禾望岗","嘉禾望崗-かかもうこう","자허왕강 역","Jiahe Wanggang"],"inf":[{"platform":1,"facilities":[[7,[1],"A<br>E<br>F<br>G<br>H","Line14-GZ"],[16,[3],""],[18,[2],"番禺广场/体育西路方向","Line3-GZ"],[24,[1],"B<br>C<br>D<br>G<br>H","Line14-GZ"]]},{},{"platform":3,"facilities":[[4,[1],"A<br>E<br>F<br>G<br>H","Line14-GZ"],[13,[3],""],[15,[2],""],[21,[1],"B<br>C<br>D<br>G<br>H","Line14-GZ"]]},{"platform":4,"facilities":[[4,[1],"A<br>E<br>F<br>G<br>H","Line14-GZ"],[13,[3],""],[15,[2],"广州南站方向","Line2-GZ"],[21,[1],"B<br>C<br>D<br>G<br>H","Line14-GZ"]]},{},{"platform":6,"facilities":[[1,[2],"G<br>H"],[3,[1,2],"A<br>E<br>F"],[11,[3],""],[22,[1,2],"B<br>C<br>D"]]}],"location":[113.289243,23.23746],"via":["2","3","14"],"platformBelong":[["9","2"],["2","2"],["6","3"],["2","3"],["1","14"],["9","14"]]}