{
  "name": [
    "黃沙",
    "黄沙",
    "黄沙-おうさ",
    "황사",
    "Huangsha"
  ],
  "inf": [
    {
      "platform": 1,
      "facilities": [
        [
          7,
          [
            1
          ],
          "C"
        ],
        [
          15,
          [
            3
          ],
          ""
        ],
        [
          22,
          [
            1,
            2
          ],
          "A<br>D"
        ]
      ]
    },
    {
      "platform": 2,
      "facilities": [
        [
          6,
          [
            1
          ],
          "C"
        ],
        [
          15,
          [
            3
          ],
          ""
        ],
        [
          21,
          [
            2
          ],
          "A<br>D"
        ],
        [
          22,
          [
            1
          ],
          "A<br>D"
        ]
      ]
    }
  ],
  "location": [
    113.239856,
    23.110524
  ],
  "via": [
    "1",
    "6"
  ],
  "shortDesc": "黄沙站是广州地铁一号线与六号线其中一个换乘车站，1997年6月28日随地铁一号线开通而启用，1999年2月16日前是地铁一号线的终点站，2013年12月28日随着地铁六号线通车成为换乘车站。车站位于荔湾区大同路六二三路口北侧，西城都荟商场的地底，站厅直连西城都荟商场，邻近沙面岛西部。",
  "structureType": [
    0,
    0
  ],
  "platformType": [
    0,
    0
  ],
  "hallType": [
    0,
    0
  ],
  "transferType": [
    2,
    2
  ],
  "exitNum": [
    5
  ],
  "openTime": [
    "1997-6=28_",
    "2013-12=28_"
  ],
  "serviceTime": "06:03-23:58",
  "firstTrain": [
    [
      [
        0,
        "06:23"
      ],
      [
        1,
        "06:08"
      ]
    ],
    [
      [
        0,
        "06:12"
      ],
      [
        1,
        "06:12"
      ]
    ]
  ],
  "lastTrain": [
    [
      [
        0,
        "23:53"
      ],
      [
        1,
        "23:03"
      ]
    ],
    [
      [
        0,
        "23:02"
      ],
      [
        1,
        "23:43"
      ]
    ]
  ],
  "structureDesc": [
    [
      "车站楼层",
      "黄沙站共设有四层，地面为六二三路、大同路、内环路高架、西城都荟及其它建筑，地下一层为站厅层以及换乘通道；地下二层为1号线月台及设备区；地下三层为设备区及6号线缓冲平台；地下四层为6号线月台。"
    ],
    [
      "站厅",
      [
        {
          "data": "黄沙站分为1号线和6号线两部分，两个站厅的付费区范围设有多组专用电梯（升降机）、扶手电梯以及楼梯往返于各线路之站台。1号线连接站厅和月台的专用电梯原位处站厅非付费区，后期因配合6号线通车并划入付费区内。\n\n黄沙站与杨箕站、东山口站一样，两线通过站厅层的换乘通道进行换乘。换乘通道由于与6号线站厅有高度差，因此设有楼梯接驳，同时设有供残障人士使用的轮椅升降台。为使联络两线站厅的换乘通道能划入付费区，1号线付费区位于站厅东侧大部分区域，6号线付费区位于站厅西侧，两个站厅在非付费区并不相通。\n\n由于建设年代不同，两个车站站厅的色系以及装修风格都有所不同，1号线为白色车站色系+大理石柱，站厅顶部的波浪形分隔成蓝色和白色色系，蓝色寓意着车站旁的珠江，象征珠江的波澜；6号线采用玻璃板以及沙棕色的车站色系。本站是6号线的重点站之一，柱面装饰的内容是沙面露德圣母堂。"
        },
        {
          "title": "商店及自助服务",
          "data": "黄沙站前期设有车站商店，例如便利店、洗衣店等，后来6号线开通，以及西城都荟广场启用，1号线站厅多个区域被打通连接西城都荟广场地库，且6号线站厅空间狭小，现时本站没有设置任何车站商店。但黄沙站设有不少自助服务设施供乘客使用，包括自动售卖机、中国建设银行自动柜员机、自动售卡/充值机、“好易”自助服务等。"
        }
      ]
    ],
    [
      "月台",
      "本站1号线月台设于西城都荟商场地底，6号线月台则设于西城都荟南广场的地底，均为岛式月台。1号线月台为上层，6号线月台在下层。另外，本站是1号线最早在月台进行加装并投入使用屏蔽门的车站。\n\n两线月台上的书法字也有所区别，1号线采用的是华文新魏电脑书法字，6号线采用的是华文行楷电脑书法字。"
    ]
  ],
  "exitDesc": "黄沙站设有B、C、D、E、F总共5个出入口，B出入口位于大同路，C出入口位于丛桂路，已于2014年8月18日开通；D出入口位于六二三路，E出口位于大同路清平药材市场旁边，F出口位于黄沙大道西城都荟正门对出。在1号线站厅中，亦设有九个出口直接连通西城都荟商场地库，于2019年起更获编为1至9号口。\n\n本站1号线在建设时考虑到未来需要发展上盖项目，因此当时所有出入口均为临时搭建，预留未来与上盖项目合并设置。D出口共经历过三次改建：第一次于当年西城都荟动工时改建；第二次于改建6号线换乘通道以及西城都荟建成启用时改建；现时第三次则是结合西城都荟西区改造时进行改建，其后曾借用邻近一个接驳西城都荟商场的出入口（现7号口）作为临时D出入口，最终随正式D出入口通道启用而迁往现址。\n\n1号线建设时亦在站厅预留了未来增建A出口的接口，现时已成为换乘通道与1号线站厅的接口之一。",
  "usageDesc": "本站位处的黄沙及沙面一带，建成早期附近多数都是民居，只有位处沙面岛西部的白天鹅宾馆临近本站。因此利用本站的乘客大多数为附近居民为主，但偶然会有外地游客。即使本站亦临近上下九步行街，但除了附近居民，鲜为人知。从黄沙站B出口经大同路前往上下九步行街西端的第十甫路，比从长寿路站D出口经宝华路前往的距离相若，因此地铁方面亦会建议乘客利用本站来往上下九步行街，以图分流部分长寿路站的客流。但收效不太明显。\n\n由于本站所有出口均位于其上盖物业西城都荟商场内部或附近，故此自从本站成为换乘站后迅速带旺西城都荟内的众多商家，并开始形成以该商场为中心的黄沙商圈。\n\n2013年，本站上盖大型商场西城都荟开幕，本站客流开始有上升之势。再加上同年年底6号线开通，本站成为换乘站后，客流进一步上升。截至2018年1月，本站日均进站客流3.9万人次，而换乘客流最高达到9万人次。\n\n受限于6号线站台狭窄，空间局促，再加上在本站上下车的换乘客流较大，本站6号线站台在早晚高峰会较为拥挤。\n\n因1号线和6号线有较大的运力差距，以及受制于本站换乘通道空间较为狭小，通过能力有限。因此本站在2018年1月8日开始，工作日早高峰7:30-9:30，以及晚高峰17:30-19:30将会在本站实施客流控制，以维持运营秩序。",
  "history": [
    [
      "1号线",
      "黄沙站最早出现在1988年的地下铁道路网规划中，为当时第一期建设的1号线的中途站。1993年12月28日，一号线正式动工。\n\n1997年6月28日，本站作为1号线首批车站（西塱至黄沙）启用。当时本站为1号线北端终点站。1999年2月16日大年初一，黄沙至广州东站启用，本站成为1号线中途站。\n\n2006年，本站作为样板车站，率先进行了加装屏蔽门的工程。同年年底投入使用。\n\n6号线"
    ],
    [
      "6号线",
      "在1997年的《广州市城市快速轨道交通线网规划研究（最终报告）》，本站成为1号线与当时7号线的换乘站。在后来的规划中，当时7号线辗转成为现时的6号线，仍在本站与1号线换乘。\n\n2005年6月28日，六号线黄沙站作为试验段开工。2013年10月，本站1号线站厅进行了改造，迁移部分闸机同时更改了付费区范围。同年12月28日，6号线首期开通试运营，本站成为1号线及6号线的换乘站。"
    ]
  ],
  "platformBelong": [
    [
      "1",
      "1"
    ],
    [
      "2",
      "1"
    ],
    [
      "1",
      "6"
    ],
    [
      "2",
      "6"
    ]
  ]
}