{"name":["漢溪長隆","汉溪长隆","漢渓長隆-かんけいちょうりゅう","한시창룽 역","Hanxi Changlong"],"inf":[{"platform":1,"facilities":[[4,[1],"C"],[11,[3],""],[13,[2],""],[21,[1],"A<br>E<br>F<br>G","Line7-GZ"]]},{"platform":2,"facilities":[[4,[1],"C"],[11,[3],""],[13,[2],""],[21,[1],"A<br>E<br>F<br>G","Line7-GZ"]]},{"platform":3,"facilities":[[9,[1,2],"A<br>E<br>F","Line3-GZ"],[15,[1,2],""],[21,[1,2],"D<br>G"]]},{"platform":4,"facilities":[[11,[1,2],"A<br>E<br>F","Line3-GZ"],[15,[1,2],""],[21,[1,2],"D<br>G"]]}],"location":[113.33017,22.992931],"via":["3","7"],"platformBelong":[["5","3"],["3","3"],["1","7"],["2","7"]]}