{"name":["瀝滘","沥滘","瀝滘-れききょう","리자오 역","Lijiao"],"inf":[{"platform":1,"facilities":[[17,[1],"所有出口"],[24,[1,2,3],"出站","Line-GF"]]},{"platform":2,"facilities":[[17,[1],"所有出口"],[24,[1,2,3],"出站","Line-GF"]]},{"platform":3,"facilities":[[2,[1,2],"A<br>B"],[14,[1,2],"E<br>F"],[8,[2],"节点","Line3-GZ"],[9,[1],"节点","Line3-GZ"],[10,[3],"站厅"]]},{}],"location":[113.319077,23.054898],"via":["3","GF"],"platformBelong":[["5","3"],["3","3"],["9","GF"],["2","GF"]]}