{"name":["客村","客村","客村-きゃくそん","커춘 역","Kecun"],"inf":[{"platform":1,"facilities":[[7,[1],"C"],[15,[3],""],[22,[1,2],"A<br>D"]]},{"platform":2,"facilities":[[6,[1],"C"],[15,[3],""],[21,[2],"A<br>D"],[22,[1],"A<br>D"]]},{"platform":3,"facilities":[[9,[1,2],"B<br>C"],[4,[1,2],"","Line3-GZ"],[27,[1,2],"","Line3-GZ"],[14,[3],"","Line3-GZ"],[22,[1,2],"A<br>D"]]},{"platform":4,"facilities":[[9,[1,2],"B<br>C"],[4,[1,2],"","Line3-GZ"],[27,[1,2],"","Line3-GZ"],[14,[3],"","Line3-GZ"],[22,[1,2],"A<br>D"]]}],"location":[113.320331,23.096197],"via":["3","8"],"platformBelong":[["5","3"],["3","3"],["1","8"],["2","8"]]}