{
  "name": [
    "陳家祠",
    "陈家祠",
    "陳家祠-ちんかし",
    "천자츠",
    "Chen Clan Academy"
  ],
  "inf": [
    {
      "platform": 1,
      "facilities": [
        [
          7,
          [
            1
          ],
          "C"
        ],
        [
          15,
          [
            3
          ],
          ""
        ],
        [
          22,
          [
            1,
            2
          ],
          "A<br>D"
        ]
      ]
    },
    {
      "platform": 2,
      "facilities": [
        [
          6,
          [
            1
          ],
          "C"
        ],
        [
          15,
          [
            3
          ],
          ""
        ],
        [
          21,
          [
            2
          ],
          "A<br>D"
        ],
        [
          22,
          [
            1
          ],
          "A<br>D"
        ]
      ]
    }
  ],
  "location": [
    113.246439,
    23.125727
  ],
  "via": [
    "1"
  ],
  "shortDesc": "陈家祠站是广州地铁1号线的一座车站，1999年2月16日随地铁一号线全线通车而启用；车站位于荔湾区中山七路康王中路口西侧的地底。\n\n跟广州地铁2006年之前开通的车站一样，在通车初期，本站的英文站名以拼音\"Chen Jia Ci\"表示，目前更改为Chen Clan Academy",
  "structureType": [
    0
  ],
  "platformType": [
    0
  ],
  "hallType": [
    0
  ],
  "exitNum": [
    3
  ],
  "openTime": [
    "1999-2=16_"
  ],
  "serviceTime": "06:07-23:53",
  "firstTrain": [
    [
      [
        0,
        "06:19"
      ],
      [
        1,
        "06:12"
      ]
    ]
  ],
  "lastTrain": [
    [
      [
        0,
        "23:48"
      ],
      [
        1,
        "23:06"
      ]
    ]
  ],
  "structureDesc": [
    [
      "车站楼层",
      "陈家祠站目前共有两层。地面为中山七路、康王中路、陈家祠以及附近建筑；地下一层为站厅层；地下二层为1号线月台。"
    ],
    [
      "站厅",
      [
        {
          "data": "为方便行人进出，目前收费区范围设于站厅北侧，周围被行人通道及车站商店包围，部分车站商店亦设于收费区内；站厅收费区范围设有多组扶手电梯以及楼梯供乘客前往月台层。由于专用电梯（升降机）连接站台与站厅西侧的非付费区，乘客使用时需要向车站工作人员联系并完成检票后才可协助使用。"
        },
        {
          "title": "商店及自助服务",
          "data": "现时，陈家祠站内提供不同类型的商店供乘客购物或进食，例如便利店、面包糕饼店、凉茶店、洗衣店、鸭脖店等。此外本站也有不少自助服务设施供乘客使用，包括自动售卖机、自动照相机、中国建设银行自动柜员机、自动售卡/充值机、“好易”自助服务等。"
        }
      ]
    ],
    [
      "月台",
      "陈家祠站目前设有一个岛式月台，位于中山七路的地底。"
    ]
  ],
  "exitDesc": "陈家祠站在建设之初已设置了4个出入口，目前开通3个。其中设有的预留B出入口，由于邻近的卷烟二厂一直未能达成共识而无法启用。本站A、C口设有盲道，D口有轮椅升降台与无障碍通道",
  "usageDesc": "本站位处荔湾西关老城区的中心区域，邻近著名景点陈家祠，周边也有不少的住宅、商场及学校，使用本站的客流以附近居民以及附近学校学生为主，亦会有不少游客利用本站前往陈家祠和华林玉器街。在每年农历新年期间，荔湾区亦会在本站附近的荔湾路举办一年一度的荔湾花市，届时本站客流量将会有所上升。\n\n为了保证公园前站不会累积过多乘客形成安全隐患，影响运营秩序，本站工作日早高峰8时至9时将视情况采取客流控制措施。",
  "history": [
    [
      "1号线",
      "最初在1988年的地下铁道路网规划的初步方案中，并没有陈家祠站。当时只有一个名为“中山八路”的车站，位于中山八路荔湾路口以东。在征求市民意见后形成的“十字线网”的规划中，1号线黄沙以北中山路以南的走线被东移，“中山八路站”亦被东移至现时位置并易名“中山七路站”，最后确定名称为“陈家祠站”。\n\n1993年12月28日，1号线正式动工。1999年2月16日大年初一当日，本站启用，当日亦为1号线全线通车之日。\n\n本站B出口及A出口附属的升降机需要利用车站南边的广州卷烟二厂地块，该地块现时仍被卷烟二厂自行围蔽。但因为市规划局及地铁方与卷烟二厂一直未能达成共识，导致B出口虽已建成，但因出口直接面对围蔽地块而一直无法启用；同时A出口的升降机也一直无法投入使用。"
    ],
    [
      "8号线",
      "在1997年的《广州市城市快速轨道交通线网规划研究（最终报告）》，本站成为1号线与当时4号线的换乘站。在后来的规划中，当时的4号线辗转成为现时的8号线北延段，仍在本站与1号线换乘。\n\n8号线陈家祠站在最初的设计中是位于1号线车站南边的广州卷烟二厂地块内。但同样由于市规划局与卷烟二厂沟通协调后依然无法达成共识，因此车站只能北移，改为设于陈家祠东广场内。\n\n由于陈家祠广场于2010年落成启用，建设时耗资8亿，但在落成四年就被拆卸建设地铁车站，因此被市民斥责太浪费。地铁公司回应称，目前陈家祠施工的地铁8号线北延线，2014年初才获国家批复能够动工，2009年的时候依然无法预计到陈家祠广场将来会进行地铁施工。\n\n陈家祠站为8号线北延段的一铺轨基地，该站由中铁一局于4月初组建基地管理团队，5月7日接手陈家祠场地，在5月29日，陈家祠铺轨基地2台43吨龙门吊主体顺利完成安装。\n\n8号线车站部分在2014年12月开工建设。2018年6月底，8号线车站主体部分封顶。2019年1月起则对1号线站厅北侧部分围蔽，进行接入换乘大厅的施工。\n\n预计本站8号线部分将在2020年与8号线北延段同步启用。"
    ]
  ],
  "futureExpansion": [
    [
      "8号线北延段",
      "8号线未来将往北延长，并于陈家祠东广场的地底设陈家祠站，与1号线交汇。但1号线建设之时并没有任何预留，两线只能使用站厅换乘。8号线站台届时将位于地下三层，1号线月台的北边。两线车站通过位于地下一层的换乘大厅连接。\n\n"
    ]
  ],
  "platformBelong": [
    [
      "1",
      "1"
    ],
    [
      "2",
      "1"
    ]
  ]
}