{
  "name": [
    "西門口",
    "西门口",
    "西門口-さいもんこう",
    "시먼커우",
    "Ximenkou"
  ],
  "inf": [
    {
      "platform": 1,
      "facilities": [
        [
          7,
          [
            1
          ],
          "C"
        ],
        [
          15,
          [
            3
          ],
          ""
        ],
        [
          22,
          [
            1,
            2
          ],
          "A<br>D"
        ]
      ]
    },
    {
      "platform": 2,
      "facilities": [
        [
          6,
          [
            1
          ],
          "C"
        ],
        [
          15,
          [
            3
          ],
          ""
        ],
        [
          21,
          [
            2
          ],
          "A<br>D"
        ],
        [
          22,
          [
            1
          ],
          "A<br>D"
        ]
      ]
    }
  ],
  "location": [
    113.25583,
    23.125219
  ],
  "via": [
    "1"
  ],
  "shortDesc": "西门口站是广州地铁1号线的一座车站，位于越秀区中山六路光孝路口的地底，于1999年2月16日启用。",
  "structureType": [
    0
  ],
  "platformType": [
    0
  ],
  "hallType": [
    0
  ],
  "exitNum": [
    4
  ],
  "openTime": [
    "1999-2=16_"
  ],
  "serviceTime": "06:14-23:46",
  "firstTrain": [
    [
      [
        0,
        "06:17"
      ],
      [
        1,
        "06:14"
      ]
    ]
  ],
  "lastTrain": [
    [
      [
        0,
        "23:46"
      ],
      [
        1,
        "23:08"
      ]
    ]
  ],
  "structureDesc": [
    [
      "车站楼层",
      "西门口站共设有两层，地面为中山六路、人民路和人民路高架、光孝路、纸行路、以及其它建筑；地下一层为站厅层；地下二层为1号线月台。"
    ],
    [
      "站厅",
      [
        {
          "data": "为方便行人进出，收费区范围设于站厅北侧，周围被行人通道以及车站商店包围，部分车站商店设于收费区内；站厅收费区范围设有多组扶手电梯以及楼梯供乘客前往月台层。由于专用电梯（升降机）连接站台与站厅西侧的非付费区，乘客使用时需要向车站工作人员联系并完成检票后才可协助使用。"
        },
        {
          "title": "商店及自助服务",
          "data": "现时，西门口站内提供不同类型的商店供乘客购物或进食，例如有便利店、面包糕饼店、凉茶店以及洗衣店等。此外本站也有不少自助服务设施供乘客使用，包括自动照相机、中国建设银行自动柜员机以及羊城通充值机等。车站内亦设有“好易”机，可充值羊城通，缴纳水电费以及交通罚款等服务、“M-Touch”机，可查询地铁线路、首末班车等资讯以及地铁安全指引的查询，更亦供乘客登记为广州地铁荟会员、查阅奖分、换领奖赏。"
        }
      ]
    ],
    [
      "月台",
      "西门口站设有一个岛式月台，位于中山六路地底。"
    ]
  ],
  "exitDesc": "西门口站设有四个出入口。其中车站启用时设B、C出入口，后来于2007年6月4日启用D出入口，2009年国庆节前夕启用A出入口。",
  "usageDesc": "本站周边也有不少的住宅、商场及学校，使用本站的客流以附近居民以及附近学校学生为主。由于本站邻近著名景点光孝寺，因此在每年的农历新年期间，很多人会使用该站前往光孝寺拜祭上香。\n\n为了保证公园前站不会累积过多乘客形成安全隐患，影响运营秩序，本站工作日早高峰8时至9时将视情况采取客流控制措施。",
  "history": [
    [
      "规划",
      "最初在1988年的地下铁道路网规划的初步方案中，亦设有西门口站，是1号线的一个中途站，位置已大致与现时相同。\n\n车站命名方面，由于车站旁邻近1920年拆除的明、清两代广州城的正西门（即西门口），位置亦位于现时的中山六路、中山七路与人民北路、人民中路交汇处一带。正因为如此车站亦命名为西门口站。\n\n1993年12月28日，1号线正式开工兴建。1996年，广州市文物考古研究所在位于车站工地处发现了明代西城门瓮城遗址。1999年6月28日，西门口站随一号线全线通车而启用。"
    ]
  ],
  "platformBelong": [
    [
      "1",
      "1"
    ],
    [
      "2",
      "1"
    ]
  ]
}