{
  "name": [
    "農講所",
    "农讲所",
    "農講所-のうこうしょ",
    "농민 운동 강습소",
    "Peasants Movement Institute"
  ],
  "inf": [
    {
      "platform": 1,
      "facilities": [
        [
          7,
          [
            1
          ],
          "C"
        ],
        [
          15,
          [
            3
          ],
          ""
        ],
        [
          22,
          [
            1,
            2
          ],
          "A<br>D"
        ]
      ]
    },
    {
      "platform": 2,
      "facilities": [
        [
          6,
          [
            1
          ],
          "C"
        ],
        [
          15,
          [
            3
          ],
          ""
        ],
        [
          21,
          [
            2
          ],
          "A<br>D"
        ],
        [
          22,
          [
            1
          ],
          "A<br>D"
        ]
      ]
    }
  ],
  "location": [
    113.275602,
    23.126623
  ],
  "via": [
    "1"
  ],
  "shortDesc": "农讲所站是广州地铁一号线的一座车站，因邻近广州农民运动讲习所而得名。于1999年2月16日启用，车站位于中山四路德政路口的地底。\n\n跟广州地铁2006年之前开通的车站一样，在通车初期，本站的英文站名以拼音“Nong jiang suo”表示，现改为Peasant Movement Institute",
  "structureType": [
    0
  ],
  "platformType": [
    0
  ],
  "hallType": [
    0
  ],
  "exitNum": [
    4
  ],
  "openTime": [
    "1999-2=16_"
  ],
  "serviceTime": "06:07-23:47",
  "firstTrain": [
    [
      [
        0,
        "06:22"
      ],
      [
        1,
        "06:12"
      ]
    ]
  ],
  "lastTrain": [
    [
      [
        0,
        "23:42"
      ],
      [
        1,
        "23:12"
      ]
    ]
  ],
  "structureDesc": [
    [
      "车站楼层",
      "农讲所站共设有两层。地面为中山四路、德政路、广州农民运动讲习所、广东省实验中学以及附近建筑；地下一层为站厅；地下二层为1号线月台。"
    ],
    [
      "站厅",
      [
        {
          "data": "农讲所站站厅设于地下一层，设有售票机、云购票机、客服中心等车站基础设施。为方便行人进出，农讲所站收费区范围设于站厅北侧，站厅收费区范围设有4组扶手电梯以及楼梯供乘客前往月台层。由于专用电梯（升降机）连接站台与站厅东侧的非付费区，乘客使用时需要向车站工作人员联系并完成检票后才可协助使用。"
        },
        {
          "title": "商店及自助服务",
          "data": "现时农讲所站提供不同类型的商店，例如便利店、面包糕饼店、鸭脖店、凉茶店以及洗衣店等，部分车站商店设于站厅的付费区内。此外本站也有不少自助服务设施，包括自动售卖机、自动照相机、中国建设银行的自动柜员机以及羊城通充值机。车站内亦设有“好易”机，可充值羊城通，缴纳水电费以及交通罚款等服务，“M-Touch”机，可查询地铁线路、首末班车等资讯以及地铁安全指引的查询，更亦供乘客登记为广州地铁荟会员、查阅奖分、换领奖赏。"
        }
      ]
    ],
    [
      "月台",
      "农讲所站设有一个岛式月台，位于中山四路地底。"
    ]
  ],
  "exitDesc": "农讲所站现时共设有四个出入口。\n\n值得一提的是，C出入口在2010年5月至11月期间进行了加装扶手电梯、加装雨棚以及加装信息显示器工程，因此在施工过程中本站C出入口暂时封闭，开放后成为本站唯一一个设有扶手电梯的出入口。",
  "usageDesc": "农讲所站除了有重要景点广州农民运动讲习所以外，车站周边有多个住宅街区、仓边路由于有法院和公证处以及东风中路较为集中的办公室区域，也会有中小学校和图书馆等文化设施，因此在工作日早高峰和晚高峰繁忙时段，本站会有许多乘客在此出入闸。",
  "history": [
    [
      "规划",
      "农讲所站最早出现在1988年的地下铁道路网规划的初步方案中。1993年12月28日，1号线正式开工兴建。1999年2月16日，农讲所站随一号线全线通车而启用。"
    ],
    [
      "加装屏蔽门",
      "2005年，地铁公司因考虑月台乘客安全和节省能源，决定为营运中的1号线全线加装月台幕门、半高式安全门，并展开月台风道及管线改造工程。2007年至2008年间，农讲所站与其它地下车站陆续改造完成，屏蔽门投入使用。"
    ],
    [
      "老鼠街撤场清拆",
      "上世纪80年代末90年代初，在东濠涌中山四路往北路段聚集着一群小贩，他们通过销售非法渠道进口的产品或仿制的A货起家，因其见不得光被称为“老鼠货”，“老鼠街”一名由此得来。1998年，随着东濠涌的整治，东濠涌老鼠街一分为二进行搬迁，一部分迁至烈士陵园旁边的金凯商业城，一部分则迁到现在农讲所D出口的东濠涌老街商业城内。\n\n2014年7月，东濠涌老街商业城正式收到撤场通知，于9月30日晚上8时交店铺钥匙，10月1日起正式结束营业。同年9月30日，地铁公司正式收回东濠涌老街商业城地块。\n\n地铁公司已于2014年11月15日早上8:00至10:00对原有老街商业城建筑进行清拆，期间临时封闭D口以确保安全。"
    ]
  ],
  "platformBelong": [
    [
      "1",
      "1"
    ],
    [
      "2",
      "1"
    ]
  ]
}